{
    "left_stick_up": [
        -0.01918059028685093,
        -0.018326085060834885,
        -0.02082856558263302,
        -0.007492179982364178,
        -0.014999618753790855,
        -0.01918059028685093,
        -0.021652551367878914,
        -0.007492179982364178,
        -0.016678111627697945,
        -0.024155031889677048,
        -0.01417563110589981
    ],
    "left_stick_down": [
        -0.011673151515424252,
        -0.0158236064016819,
        -0.020004577934741974,
        -0.020004577934741974,
        -0.024155031889677048,
        -0.011673151515424252,
        -0.008346685208380222,
        -0.013321125879883766,
        -0.02250705659389496,
        -0.02250705659389496
    ],
    "right_stick_right": [
        -0.0643472969532013,
        -0.06065461039543152,
        -0.06709391623735428,
        -0.05973907187581062,
        -0.06526283919811249,
        -0.06709391623735428,
        -0.06709391623735428,
        -0.0643472969532013,
        -0.06892500072717667,
        -0.05421530455350876
    ],
    "right_stick_left": [
        -0.05055313929915428,
        -0.062485694885253906,
        -0.05516136437654495,
        -0.062485694885253906,
        -0.05055313929915428,
        -0.06157015264034271,
        -0.0643472969532013,
        -0.06526283919811249,
        -0.05973907187581062,
        -0.056076906621456146
    ]
}