{
    "left": 0.01686557892355181,
    "right": 0.061350423470139505
}